Id,IndicatorCode,SpatialDimension,SpatialDimensionValueCode,TimeDimension,TimeDim,Value,NumericValue,Date,TimeDimensionValue,TimeDimensionBegin,TimeDimensionEnd
28124021,MALARIA_1STLINE_TREATED,COUNTRY,AGO,YEAR,2018,6 092 332,6092332,2022-02-10T13:20:16Z,2018,01-01-18,31-12-18
28124022,MALARIA_1STLINE_TREATED,COUNTRY,BDI,YEAR,2019,8 444 710,8444710,2022-02-10T13:20:16Z,2019,01-01-19,31-12-19
28124023,MALARIA_1STLINE_TREATED,COUNTRY,BEN,YEAR,2019,2 353 657,2353657,2022-02-10T13:20:16Z,2019,01-01-19,31-12-19
28124024,MALARIA_1STLINE_TREATED,COUNTRY,BFA,YEAR,2020,10 237 424,10237424,2022-02-10T13:20:16Z,2020,01-01-20,31-12-20
28124025,MALARIA_1STLINE_TREATED,COUNTRY,BWA,YEAR,2019,272,272,2022-02-10T13:20:16Z,2019,01-01-19,31-12-19
28124026,MALARIA_1STLINE_TREATED,COUNTRY,CAF,YEAR,2019,2 654 215,2654215,2022-02-10T13:20:16Z,2019,01-01-19,31-12-19
28124027,MALARIA_1STLINE_TREATED,COUNTRY,CIV,YEAR,2019,5 200 350,5200350,2022-02-10T13:20:16Z,2019,01-01-19,31-12-19
28124028,MALARIA_1STLINE_TREATED,COUNTRY,CMR,YEAR,2019,1 834 114,1834114,2022-02-10T13:20:16Z,2019,01-01-19,31-12-19
28124029,MALARIA_1STLINE_TREATED,COUNTRY,COD,YEAR,2020,19 192 708,19192708,2022-02-10T13:20:16Z,2020,01-01-20,31-12-20
28124030,MALARIA_1STLINE_TREATED,COUNTRY,CPV,YEAR,2020,10,10,2022-02-10T13:20:16Z,2020,01-01-20,31-12-20
28124031,MALARIA_1STLINE_TREATED,COUNTRY,ETH,YEAR,2019,1 015 792,1015792,2022-02-10T13:20:16Z,2019,01-01-19,31-12-19
28124032,MALARIA_1STLINE_TREATED,COUNTRY,GIN,YEAR,2020,1 831 203,1831203,2022-02-10T13:20:16Z,2020,01-01-20,31-12-20
28124033,MALARIA_1STLINE_TREATED,COUNTRY,GMB,YEAR,2018,90 622,90622,2022-02-10T13:20:16Z,2018,01-01-18,31-12-18
28124034,MALARIA_1STLINE_TREATED,COUNTRY,GNB,YEAR,2019,155 848,155848,2022-02-10T13:20:16Z,2019,01-01-19,31-12-19
28124035,MALARIA_1STLINE_TREATED,COUNTRY,NAM,YEAR,2020,13 636,13636,2022-02-10T13:20:16Z,2020,01-01-20,31-12-20
28124036,MALARIA_1STLINE_TREATED,COUNTRY,NER,YEAR,2018,2 891 780,2891780,2022-02-10T13:20:16Z,2018,01-01-18,31-12-18
28124037,MALARIA_1STLINE_TREATED,COUNTRY,NGA,YEAR,2018,15 853 741,15853741,2022-02-10T13:20:16Z,2018,01-01-18,31-12-18
28124038,MALARIA_1STLINE_TREATED,COUNTRY,RWA,YEAR,2019,3 566 544,3566544,2022-02-10T13:20:16Z,2019,01-01-19,31-12-19
28124039,MALARIA_1STLINE_TREATED,COUNTRY,STP,YEAR,2019,2 457,2457,2022-02-10T13:20:16Z,2019,01-01-19,31-12-19
28124040,MALARIA_1STLINE_TREATED,COUNTRY,SWZ,YEAR,2019,586,586,2022-02-10T13:20:16Z,2019,01-01-19,31-12-19
28124041,MALARIA_1STLINE_TREATED,COUNTRY,UGA,YEAR,2019,28 847 873,28847873,2022-02-10T13:20:16Z,2019,01-01-19,31-12-19
28124042,MALARIA_1STLINE_TREATED,COUNTRY,ZAF,YEAR,2020,20 190,20190,2022-02-10T13:20:16Z,2020,01-01-20,31-12-20
28124043,MALARIA_1STLINE_TREATED,COUNTRY,ZMB,YEAR,2019,19 134 471,19134471,2022-02-10T13:20:16Z,2019,01-01-19,31-12-19
28124044,MALARIA_1STLINE_TREATED,COUNTRY,BLZ,YEAR,2019,2,2,2022-02-10T13:20:16Z,2019,01-01-19,31-12-19
28124045,MALARIA_1STLINE_TREATED,COUNTRY,BOL,YEAR,2020,12 093,12093,2022-02-10T13:20:16Z,2020,01-01-20,31-12-20
28124046,MALARIA_1STLINE_TREATED,COUNTRY,ECU,YEAR,2020,2 001,2001,2022-02-10T13:20:16Z,2020,01-01-20,31-12-20
28124047,MALARIA_1STLINE_TREATED,COUNTRY,GTM,YEAR,2020,1 058,1058,2022-02-10T13:20:16Z,2020,01-01-20,31-12-20
28124048,MALARIA_1STLINE_TREATED,COUNTRY,GUY,YEAR,2018,7 814,7814,2022-02-10T13:20:16Z,2018,01-01-18,31-12-18
28124049,MALARIA_1STLINE_TREATED,COUNTRY,HTI,YEAR,2019,10 687,10687,2022-02-10T13:20:16Z,2019,01-01-19,31-12-19
28124050,MALARIA_1STLINE_TREATED,COUNTRY,MEX,YEAR,2019,12,12,2022-02-10T13:20:16Z,2019,01-01-19,31-12-19
28124051,MALARIA_1STLINE_TREATED,COUNTRY,NIC,YEAR,2020,25 530,25530,2022-02-10T13:20:16Z,2020,01-01-20,31-12-20
28124052,MALARIA_1STLINE_TREATED,COUNTRY,PAN,YEAR,2020,1 582,1582,2022-02-10T13:20:16Z,2020,01-01-20,31-12-20
28124053,MALARIA_1STLINE_TREATED,COUNTRY,VEN,YEAR,2020,231 384,231384,2022-02-10T13:20:16Z,2020,01-01-20,31-12-20
28124054,MALARIA_1STLINE_TREATED,COUNTRY,AFG,YEAR,2020,103 466,103466,2022-02-10T13:20:16Z,2020,01-01-20,31-12-20
28124055,MALARIA_1STLINE_TREATED,COUNTRY,DJI,YEAR,2020,69 029,69029,2022-02-10T13:20:16Z,2020,01-01-20,31-12-20
28124056,MALARIA_1STLINE_TREATED,COUNTRY,SAU,YEAR,2019,2 152,2152,2022-02-10T13:20:16Z,2019,01-01-19,31-12-19
28124057,MALARIA_1STLINE_TREATED,COUNTRY,SDN,YEAR,2019,4 297 167,4297167,2022-02-10T13:20:16Z,2019,01-01-19,31-12-19
28124058,MALARIA_1STLINE_TREATED,COUNTRY,SOM,YEAR,2020,23 978,23978,2022-02-10T13:20:16Z,2020,01-01-20,31-12-20
28124059,MALARIA_1STLINE_TREATED,COUNTRY,BTN,YEAR,2018,54,54,2022-02-10T13:20:16Z,2018,01-01-18,31-12-18
28124060,MALARIA_1STLINE_TREATED,COUNTRY,IDN,YEAR,2018,133 860,133860,2022-02-10T13:20:16Z,2018,01-01-18,31-12-18
28124061,MALARIA_1STLINE_TREATED,COUNTRY,IND,YEAR,2019,338 494,338494,2022-02-10T13:20:16Z,2019,01-01-19,31-12-19
28124062,MALARIA_1STLINE_TREATED,COUNTRY,THA,YEAR,2018,4 411,4411,2022-02-10T13:20:16Z,2018,01-01-18,31-12-18
28124063,MALARIA_1STLINE_TREATED,COUNTRY,CHN,YEAR,2019,2 487,2487,2022-02-10T13:20:16Z,2019,01-01-19,31-12-19
28124064,MALARIA_1STLINE_TREATED,COUNTRY,KHM,YEAR,2020,9 335,9335,2022-02-10T13:20:16Z,2020,01-01-20,31-12-20
28124065,MALARIA_1STLINE_TREATED,COUNTRY,KOR,YEAR,2019,196,196,2022-02-10T13:20:16Z,2019,01-01-19,31-12-19
28124066,MALARIA_1STLINE_TREATED,COUNTRY,LAO,YEAR,2020,3 498,3498,2022-02-10T13:20:17Z,2020,01-01-20,31-12-20
28124067,MALARIA_1STLINE_TREATED,COUNTRY,VNM,YEAR,2018,4 525,4525,2022-02-10T13:20:17Z,2018,01-01-18,31-12-18
28124068,MALARIA_1STLINE_TREATED,COUNTRY,VUT,YEAR,2019,571,571,2022-02-10T13:20:17Z,2019,01-01-19,31-12-19
28124069,MALARIA_1STLINE_TREATED,COUNTRY,BDI,YEAR,2018,4 903 851,4903851,2022-02-10T13:20:17Z,2018,01-01-18,31-12-18
28124070,MALARIA_1STLINE_TREATED,COUNTRY,BWA,YEAR,2020,953,953,2022-02-10T13:20:17Z,2020,01-01-20,31-12-20
28124071,MALARIA_1STLINE_TREATED,COUNTRY,CAF,YEAR,2020,1 980 804,1980804,2022-02-10T13:20:17Z,2020,01-01-20,31-12-20
28124072,MALARIA_1STLINE_TREATED,COUNTRY,CMR,YEAR,2020,1 433 934,1433934,2022-02-10T13:20:17Z,2020,01-01-20,31-12-20
28124073,MALARIA_1STLINE_TREATED,COUNTRY,COM,YEAR,2018,19 682,19682,2022-02-10T13:20:17Z,2018,01-01-18,31-12-18
28124074,MALARIA_1STLINE_TREATED,COUNTRY,ETH,YEAR,2018,748 601,748601,2022-02-10T13:20:17Z,2018,01-01-18,31-12-18
28124075,MALARIA_1STLINE_TREATED,COUNTRY,GAB,YEAR,2019,117 126,117126,2022-02-10T13:20:17Z,2019,01-01-19,31-12-19
28124076,MALARIA_1STLINE_TREATED,COUNTRY,GAB,YEAR,2020,30 819,30819,2022-02-10T13:20:17Z,2020,01-01-20,31-12-20
28124077,MALARIA_1STLINE_TREATED,COUNTRY,GHA,YEAR,2020,5 174 075,5174075,2022-02-10T13:20:17Z,2020,01-01-20,31-12-20
28124078,MALARIA_1STLINE_TREATED,COUNTRY,MDG,YEAR,2018,893 163,893163,2022-02-10T13:20:17Z,2018,01-01-18,31-12-18
28124079,MALARIA_1STLINE_TREATED,COUNTRY,MLI,YEAR,2018,1 814 505,1814505,2022-02-10T13:20:17Z,2018,01-01-18,31-12-18
28124080,MALARIA_1STLINE_TREATED,COUNTRY,MOZ,YEAR,2018,10 064 430,10064430,2022-02-10T13:20:17Z,2018,01-01-18,31-12-18
28124081,MALARIA_1STLINE_TREATED,COUNTRY,MOZ,YEAR,2019,10 742 632,10742632,2022-02-10T13:20:17Z,2019,01-01-19,31-12-19
28124082,MALARIA_1STLINE_TREATED,COUNTRY,MRT,YEAR,2020,760,760,2022-02-10T13:20:17Z,2020,01-01-20,31-12-20
28124083,MALARIA_1STLINE_TREATED,COUNTRY,MWI,YEAR,2019,5 089 716,5089716,2022-02-10T13:20:17Z,2019,01-01-19,31-12-19
28124084,MALARIA_1STLINE_TREATED,COUNTRY,MWI,YEAR,2020,7 095 977,7095977,2022-02-10T13:20:17Z,2020,01-01-20,31-12-20
28124085,MALARIA_1STLINE_TREATED,COUNTRY,NAM,YEAR,2018,31 886,31886,2022-02-10T13:20:17Z,2018,01-01-18,31-12-18
28124086,MALARIA_1STLINE_TREATED,COUNTRY,NAM,YEAR,2019,3 404,3404,2022-02-10T13:20:17Z,2019,01-01-19,31-12-19
28124087,MALARIA_1STLINE_TREATED,COUNTRY,NER,YEAR,2019,3 031 506,3031506,2022-02-10T13:20:17Z,2019,01-01-19,31-12-19
28124088,MALARIA_1STLINE_TREATED,COUNTRY,NER,YEAR,2020,3 454 246,3454246,2022-02-10T13:20:17Z,2020,01-01-20,31-12-20
28124089,MALARIA_1STLINE_TREATED,COUNTRY,SEN,YEAR,2019,354 708,354708,2022-02-10T13:20:17Z,2019,01-01-19,31-12-19
28124090,MALARIA_1STLINE_TREATED,COUNTRY,SEN,YEAR,2020,445 313,445313,2022-02-10T13:20:17Z,2020,01-01-20,31-12-20
28124091,MALARIA_1STLINE_TREATED,COUNTRY,SLE,YEAR,2020,658 948,658948,2022-02-10T13:20:17Z,2020,01-01-20,31-12-20
28124092,MALARIA_1STLINE_TREATED,COUNTRY,SSD,YEAR,2019,122 665,122665,2022-02-10T13:20:17Z,2019,01-01-19,31-12-19
28124093,MALARIA_1STLINE_TREATED,COUNTRY,STP,YEAR,2020,1 772,1772,2022-02-10T13:20:17Z,2020,01-01-20,31-12-20
28124094,MALARIA_1STLINE_TREATED,COUNTRY,SWZ,YEAR,2018,615,615,2022-02-10T13:20:17Z,2018,01-01-18,31-12-18
28124095,MALARIA_1STLINE_TREATED,COUNTRY,TCD,YEAR,2019,1 665 212,1665212,2022-02-10T13:20:17Z,2019,01-01-19,31-12-19
28124096,MALARIA_1STLINE_TREATED,COUNTRY,TCD,YEAR,2020,1 806 225,1806225,2022-02-10T13:20:17Z,2020,01-01-20,31-12-20
28124098,MALARIA_1STLINE_TREATED,COUNTRY,ZMB,YEAR,2020,7 473 255,7473255,2022-02-10T13:20:17Z,2020,01-01-20,31-12-20
28124099,MALARIA_1STLINE_TREATED,COUNTRY,ZWE,YEAR,2019,304 309,304309,2022-02-10T13:20:17Z,2019,01-01-19,31-12-19
28124100,MALARIA_1STLINE_TREATED,COUNTRY,ZWE,YEAR,2020,443 164,443164,2022-02-10T13:20:17Z,2020,01-01-20,31-12-20
28124101,MALARIA_1STLINE_TREATED,COUNTRY,BOL,YEAR,2018,5 920,5920,2022-02-10T13:20:17Z,2018,01-01-18,31-12-18
28124102,MALARIA_1STLINE_TREATED,COUNTRY,BOL,YEAR,2019,9 357,9357,2022-02-10T13:20:17Z,2019,01-01-19,31-12-19
28124103,MALARIA_1STLINE_TREATED,COUNTRY,BRA,YEAR,2020,172 047,172047,2022-02-10T13:20:17Z,2020,01-01-20,31-12-20
28124104,MALARIA_1STLINE_TREATED,COUNTRY,DOM,YEAR,2019,1 314,1314,2022-02-10T13:20:17Z,2019,01-01-19,31-12-19
28124105,MALARIA_1STLINE_TREATED,COUNTRY,DOM,YEAR,2020,829,829,2022-02-10T13:20:17Z,2020,01-01-20,31-12-20
28124106,MALARIA_1STLINE_TREATED,COUNTRY,ECU,YEAR,2019,1 909,1909,2022-02-10T13:20:17Z,2019,01-01-19,31-12-19
28124107,MALARIA_1STLINE_TREATED,COUNTRY,GTM,YEAR,2018,2 785,2785,2022-02-10T13:20:17Z,2018,01-01-18,31-12-18
28124108,MALARIA_1STLINE_TREATED,COUNTRY,HTI,YEAR,2020,21 353,21353,2022-02-10T13:20:17Z,2020,01-01-20,31-12-20
28124109,MALARIA_1STLINE_TREATED,COUNTRY,NIC,YEAR,2018,15 934,15934,2022-02-10T13:20:17Z,2018,01-01-18,31-12-18
28124110,MALARIA_1STLINE_TREATED,COUNTRY,NIC,YEAR,2019,13 226,13226,2022-02-10T13:20:17Z,2019,01-01-19,31-12-19
28124111,MALARIA_1STLINE_TREATED,COUNTRY,PER,YEAR,2019,4 724,4724,2022-02-10T13:20:17Z,2019,01-01-19,31-12-19
28124112,MALARIA_1STLINE_TREATED,COUNTRY,PER,YEAR,2020,3 198,3198,2022-02-10T13:20:17Z,2020,01-01-20,31-12-20
28124113,MALARIA_1STLINE_TREATED,COUNTRY,SLV,YEAR,2018,3,3,2022-02-10T13:20:17Z,2018,01-01-18,31-12-18
28124114,MALARIA_1STLINE_TREATED,COUNTRY,SUR,YEAR,2019,202,202,2022-02-10T13:20:17Z,2019,01-01-19,31-12-19
28124115,MALARIA_1STLINE_TREATED,COUNTRY,SUR,YEAR,2020,236,236,2022-02-10T13:20:17Z,2020,01-01-20,31-12-20
28124116,MALARIA_1STLINE_TREATED,COUNTRY,AFG,YEAR,2018,31 114,31114,2022-02-10T13:20:17Z,2018,01-01-18,31-12-18
28124117,MALARIA_1STLINE_TREATED,COUNTRY,IRN,YEAR,2018,626,626,2022-02-10T13:20:17Z,2018,01-01-18,31-12-18
28124118,MALARIA_1STLINE_TREATED,COUNTRY,PAK,YEAR,2018,345 565,345565,2022-02-10T13:20:17Z,2018,01-01-18,31-12-18
28124119,MALARIA_1STLINE_TREATED,COUNTRY,PAK,YEAR,2019,413 533,413533,2022-02-10T13:20:17Z,2019,01-01-19,31-12-19
28124120,MALARIA_1STLINE_TREATED,COUNTRY,SDN,YEAR,2020,4 863 826,4863826,2022-02-10T13:20:17Z,2020,01-01-20,31-12-20
28124121,MALARIA_1STLINE_TREATED,COUNTRY,BGD,YEAR,2020,6 130,6130,2022-02-10T13:20:17Z,2020,01-01-20,31-12-20
28124122,MALARIA_1STLINE_TREATED,COUNTRY,IDN,YEAR,2019,234 381,234381,2022-02-10T13:20:17Z,2019,01-01-19,31-12-19
28124123,MALARIA_1STLINE_TREATED,COUNTRY,IND,YEAR,2020,186 532,186532,2022-02-10T13:20:17Z,2020,01-01-20,31-12-20
28124124,MALARIA_1STLINE_TREATED,COUNTRY,PRK,YEAR,2019,1 869,1869,2022-02-10T13:20:17Z,2019,01-01-19,31-12-19
28124125,MALARIA_1STLINE_TREATED,COUNTRY,PRK,YEAR,2020,1 819,1819,2022-02-10T13:20:17Z,2020,01-01-20,31-12-20
28124126,MALARIA_1STLINE_TREATED,COUNTRY,THA,YEAR,2020,3 341,3341,2022-02-10T13:20:17Z,2020,01-01-20,31-12-20
28124127,MALARIA_1STLINE_TREATED,COUNTRY,KHM,YEAR,2019,32 197,32197,2022-02-10T13:20:17Z,2019,01-01-19,31-12-19
28124128,MALARIA_1STLINE_TREATED,COUNTRY,LAO,YEAR,2018,888031.20%,8880.31234,2022-02-10T13:20:17Z,2018,01-01-18,31-12-18
28124129,MALARIA_1STLINE_TREATED,COUNTRY,MYS,YEAR,2020,2 830,2830,2022-02-10T13:20:17Z,2020,01-01-20,31-12-20
28124130,MALARIA_1STLINE_TREATED,COUNTRY,VNM,YEAR,2019,5 892,5892,2022-02-10T13:20:17Z,2019,01-01-19,31-12-19
28124131,MALARIA_1STLINE_TREATED,COUNTRY,VNM,YEAR,2020,1 733,1733,2022-02-10T13:20:17Z,2020,01-01-20,31-12-20
28124132,MALARIA_1STLINE_TREATED,COUNTRY,VUT,YEAR,2020,496,496,2022-02-10T13:20:17Z,2020,01-01-20,31-12-20
28124133,MALARIA_1STLINE_TREATED,COUNTRY,AGO,YEAR,2019,5 575 259,5575259,2022-02-10T13:20:17Z,2019,01-01-19,31-12-19
28124134,MALARIA_1STLINE_TREATED,COUNTRY,BDI,YEAR,2020,4 289 288,4289288,2022-02-10T13:20:17Z,2020,01-01-20,31-12-20
28124135,MALARIA_1STLINE_TREATED,COUNTRY,BEN,YEAR,2020,2 095 303,2095303,2022-02-10T13:20:17Z,2020,01-01-20,31-12-20
28124136,MALARIA_1STLINE_TREATED,COUNTRY,BFA,YEAR,2018,10 807 674,10807674,2022-02-10T13:20:17Z,2018,01-01-18,31-12-18
28124137,MALARIA_1STLINE_TREATED,COUNTRY,BWA,YEAR,2018,451,451,2022-02-10T13:20:17Z,2018,01-01-18,31-12-18
28124138,MALARIA_1STLINE_TREATED,COUNTRY,CIV,YEAR,2018,4 871 874,4871874,2022-02-10T13:20:17Z,2018,01-01-18,31-12-18
28124139,MALARIA_1STLINE_TREATED,COUNTRY,CMR,YEAR,2018,557 576,557576,2022-02-10T13:20:17Z,2018,01-01-18,31-12-18
28124140,MALARIA_1STLINE_TREATED,COUNTRY,COM,YEAR,2019,11 593,11593,2022-02-10T13:20:17Z,2019,01-01-19,31-12-19
28124141,MALARIA_1STLINE_TREATED,COUNTRY,CPV,YEAR,2019,40,40,2022-02-10T13:20:17Z,2019,01-01-19,31-12-19
28124142,MALARIA_1STLINE_TREATED,COUNTRY,DZA,YEAR,2019,1 014,1014,2022-02-10T13:20:17Z,2019,01-01-19,31-12-19
28124143,MALARIA_1STLINE_TREATED,COUNTRY,ERI,YEAR,2020,73 419,73419,2022-02-10T13:20:17Z,2020,01-01-20,31-12-20
28124144,MALARIA_1STLINE_TREATED,COUNTRY,ETH,YEAR,2020,1 458 804,1458804,2022-02-10T13:20:17Z,2020,01-01-20,31-12-20
28124145,MALARIA_1STLINE_TREATED,COUNTRY,GAB,YEAR,2018,208 953,208953,2022-02-10T13:20:17Z,2018,01-01-18,31-12-18
28124146,MALARIA_1STLINE_TREATED,COUNTRY,GHA,YEAR,2019,6 164 160,6164160,2022-02-10T13:20:17Z,2019,01-01-19,31-12-19
28124147,MALARIA_1STLINE_TREATED,COUNTRY,GIN,YEAR,2019,1 696 515,1696515,2022-02-10T13:20:17Z,2019,01-01-19,31-12-19
28124148,MALARIA_1STLINE_TREATED,COUNTRY,GMB,YEAR,2020,72 300,72300,2022-02-10T13:20:18Z,2020,01-01-20,31-12-20
28124149,MALARIA_1STLINE_TREATED,COUNTRY,GNB,YEAR,2018,162 773,162773,2022-02-10T13:20:18Z,2018,01-01-18,31-12-18
28124150,MALARIA_1STLINE_TREATED,COUNTRY,KEN,YEAR,2020,5 899 605,5899605,2022-02-10T13:20:18Z,2020,01-01-20,31-12-20
28124151,MALARIA_1STLINE_TREATED,COUNTRY,LBR,YEAR,2018,1 113 579,1113579,2022-02-10T13:20:18Z,2018,01-01-18,31-12-18
28124152,MALARIA_1STLINE_TREATED,COUNTRY,MDG,YEAR,2019,1 008 480,1008480,2022-02-10T13:20:18Z,2019,01-01-19,31-12-19
28124153,MALARIA_1STLINE_TREATED,COUNTRY,MLI,YEAR,2019,2 846 438,2846438,2022-02-10T13:20:18Z,2019,01-01-19,31-12-19
28124154,MALARIA_1STLINE_TREATED,COUNTRY,MOZ,YEAR,2020,11 129 430,11129430,2022-02-10T13:20:18Z,2020,01-01-20,31-12-20
28124155,MALARIA_1STLINE_TREATED,COUNTRY,MRT,YEAR,2018,25 416,25416,2022-02-10T13:20:18Z,2018,01-01-18,31-12-18
28124156,MALARIA_1STLINE_TREATED,COUNTRY,MWI,YEAR,2018,7 043 006,7043006,2022-02-10T13:20:18Z,2018,01-01-18,31-12-18
28124157,MALARIA_1STLINE_TREATED,COUNTRY,NGA,YEAR,2020,19 902 369,19902369,2022-02-10T13:20:18Z,2020,01-01-20,31-12-20
28124158,MALARIA_1STLINE_TREATED,COUNTRY,RWA,YEAR,2018,1 610,1610,2022-02-10T13:20:18Z,2018,01-01-18,31-12-18
28124159,MALARIA_1STLINE_TREATED,COUNTRY,SEN,YEAR,2018,530 944,530944,2022-02-10T13:20:18Z,2018,01-01-18,31-12-18
28124160,MALARIA_1STLINE_TREATED,COUNTRY,SLE,YEAR,2019,2 813 086,2813086,2022-02-10T13:20:18Z,2019,01-01-19,31-12-19
28124161,MALARIA_1STLINE_TREATED,COUNTRY,SSD,YEAR,2020,822 563,822563,2022-02-10T13:20:18Z,2020,01-01-20,31-12-20
28124162,MALARIA_1STLINE_TREATED,COUNTRY,TCD,YEAR,2018,128535581.10%,1285355.811,2022-02-10T13:20:18Z,2018,01-01-18,31-12-18
28124163,MALARIA_1STLINE_TREATED,COUNTRY,TGO,YEAR,2019,2 284 746,2284746,2022-02-10T13:20:18Z,2019,01-01-19,31-12-19
28124164,MALARIA_1STLINE_TREATED,COUNTRY,TZA,YEAR,2020,3 970 308,3970308,2022-02-10T13:20:18Z,2020,01-01-20,31-12-20
28124165,MALARIA_1STLINE_TREATED,COUNTRY,UGA,YEAR,2018,25 275 210,25275210,2022-02-10T13:20:18Z,2018,01-01-18,31-12-18
28124166,MALARIA_1STLINE_TREATED,COUNTRY,ZWE,YEAR,2018,76 551,76551,2022-02-10T13:20:18Z,2018,01-01-18,31-12-18
28124167,MALARIA_1STLINE_TREATED,COUNTRY,BRA,YEAR,2019,491 126,491126,2022-02-10T13:20:18Z,2019,01-01-19,31-12-19
28124168,MALARIA_1STLINE_TREATED,COUNTRY,COL,YEAR,2020,80 916,80916,2022-02-10T13:20:18Z,2020,01-01-20,31-12-20
28124169,MALARIA_1STLINE_TREATED,COUNTRY,CRI,YEAR,2020,141,141,2022-02-10T13:20:18Z,2020,01-01-20,31-12-20
28124170,MALARIA_1STLINE_TREATED,COUNTRY,GUY,YEAR,2019,12 463,12463,2022-02-10T13:20:18Z,2019,01-01-19,31-12-19
28124171,MALARIA_1STLINE_TREATED,COUNTRY,HND,YEAR,2020,900,900,2022-02-10T13:20:18Z,2020,01-01-20,31-12-20
28124172,MALARIA_1STLINE_TREATED,COUNTRY,PAN,YEAR,2019,3,3,2022-02-10T13:20:18Z,2019,01-01-19,31-12-19
28124173,MALARIA_1STLINE_TREATED,COUNTRY,SLV,YEAR,2020,0,0,2022-02-10T13:20:18Z,2020,01-01-20,31-12-20
28124174,MALARIA_1STLINE_TREATED,COUNTRY,SUR,YEAR,2018,275,275,2022-02-10T13:20:18Z,2018,01-01-18,31-12-18
28124175,MALARIA_1STLINE_TREATED,COUNTRY,VEN,YEAR,2018,404 924,404924,2022-02-10T13:20:18Z,2018,01-01-18,31-12-18
28124176,MALARIA_1STLINE_TREATED,COUNTRY,AFG,YEAR,2019,169 504,169504,2022-02-10T13:20:18Z,2019,01-01-19,31-12-19
28124177,MALARIA_1STLINE_TREATED,COUNTRY,DJI,YEAR,2019,47 691,47691,2022-02-10T13:20:18Z,2019,01-01-19,31-12-19
28124178,MALARIA_1STLINE_TREATED,COUNTRY,IRN,YEAR,2019,1 192,1192,2022-02-10T13:20:18Z,2019,01-01-19,31-12-19
28124179,MALARIA_1STLINE_TREATED,COUNTRY,PAK,YEAR,2020,347 500,347500,2022-02-10T13:20:18Z,2020,01-01-20,31-12-20
28124180,MALARIA_1STLINE_TREATED,COUNTRY,SAU,YEAR,2020,3 265,3265,2022-02-10T13:20:18Z,2020,01-01-20,31-12-20
28124181,MALARIA_1STLINE_TREATED,COUNTRY,SDN,YEAR,2018,4 195 600,4195600,2022-02-10T13:20:18Z,2018,01-01-18,31-12-18
28124182,MALARIA_1STLINE_TREATED,COUNTRY,SOM,YEAR,2018,51 819,51819,2022-02-10T13:20:18Z,2018,01-01-18,31-12-18
28124183,MALARIA_1STLINE_TREATED,COUNTRY,BGD,YEAR,2019,17 225,17225,2022-02-10T13:20:18Z,2019,01-01-19,31-12-19
28124184,MALARIA_1STLINE_TREATED,COUNTRY,BTN,YEAR,2019,235,235,2022-02-10T13:20:18Z,2019,01-01-19,31-12-19
28124185,MALARIA_1STLINE_TREATED,COUNTRY,IDN,YEAR,2020,241 181,241181,2022-02-10T13:20:18Z,2020,01-01-20,31-12-20
28124186,MALARIA_1STLINE_TREATED,COUNTRY,MMR,YEAR,2020,15 572,15572,2022-02-10T13:20:18Z,2020,01-01-20,31-12-20
28124187,MALARIA_1STLINE_TREATED,COUNTRY,NPL,YEAR,2018,1 193,1193,2022-02-10T13:20:18Z,2018,01-01-18,31-12-18
28124188,MALARIA_1STLINE_TREATED,COUNTRY,PRK,YEAR,2018,631,631,2022-02-10T13:20:18Z,2018,01-01-18,31-12-18
28124189,MALARIA_1STLINE_TREATED,COUNTRY,THA,YEAR,2019,3 904,3904,2022-02-10T13:20:18Z,2019,01-01-19,31-12-19
28124190,MALARIA_1STLINE_TREATED,COUNTRY,TLS,YEAR,2020,14,14,2022-02-10T13:20:18Z,2020,01-01-20,31-12-20
28124191,MALARIA_1STLINE_TREATED,COUNTRY,CHN,YEAR,2020,1 051,1051,2022-02-10T13:20:18Z,2020,01-01-20,31-12-20
28124192,MALARIA_1STLINE_TREATED,COUNTRY,KHM,YEAR,2018,60 067,60067,2022-02-10T13:20:18Z,2018,01-01-18,31-12-18
28124193,MALARIA_1STLINE_TREATED,COUNTRY,LAO,YEAR,2019,6 551,6551,2022-02-10T13:20:18Z,2019,01-01-19,31-12-19
28124194,MALARIA_1STLINE_TREATED,COUNTRY,MYS,YEAR,2019,3 933,3933,2022-02-10T13:20:18Z,2019,01-01-19,31-12-19
28124195,MALARIA_1STLINE_TREATED,COUNTRY,PHL,YEAR,2020,5 987,5987,2022-02-10T13:20:18Z,2020,01-01-20,31-12-20
28124196,MALARIA_1STLINE_TREATED,COUNTRY,PNG,YEAR,2018,337 480,337480,2022-02-10T13:20:18Z,2018,01-01-18,31-12-18
28124197,MALARIA_1STLINE_TREATED,COUNTRY,SLB,YEAR,2019,83 733,83733,2022-02-10T13:20:18Z,2019,01-01-19,31-12-19
28124198,MALARIA_1STLINE_TREATED,COUNTRY,VUT,YEAR,2018,640,640,2022-02-10T13:20:18Z,2018,01-01-18,31-12-18
28124199,MALARIA_1STLINE_TREATED,COUNTRY,AGO,YEAR,2020,5 797 209,5797209,2022-02-10T13:20:18Z,2020,01-01-20,31-12-20
28124200,MALARIA_1STLINE_TREATED,COUNTRY,BEN,YEAR,2018,340 062,340062,2022-02-10T13:20:18Z,2018,01-01-18,31-12-18
28124201,MALARIA_1STLINE_TREATED,COUNTRY,BFA,YEAR,2019,11 223 002,11223002,2022-02-10T13:20:18Z,2019,01-01-19,31-12-19
28124202,MALARIA_1STLINE_TREATED,COUNTRY,CAF,YEAR,2018,1 068 750,1068750,2022-02-10T13:20:18Z,2018,01-01-18,31-12-18
28124203,MALARIA_1STLINE_TREATED,COUNTRY,CIV,YEAR,2020,4 666 036,4666036,2022-02-10T13:20:18Z,2020,01-01-20,31-12-20
28124204,MALARIA_1STLINE_TREATED,COUNTRY,COD,YEAR,2018,8 997 911,8997911,2022-02-10T13:20:18Z,2018,01-01-18,31-12-18
28124205,MALARIA_1STLINE_TREATED,COUNTRY,COD,YEAR,2019,18 853 210,18853210,2022-02-10T13:20:18Z,2019,01-01-19,31-12-19
28124206,MALARIA_1STLINE_TREATED,COUNTRY,COG,YEAR,2019,427 959,427959,2022-02-10T13:20:18Z,2019,01-01-19,31-12-19
28124207,MALARIA_1STLINE_TREATED,COUNTRY,COG,YEAR,2020,103 692,103692,2022-02-10T13:20:18Z,2020,01-01-20,31-12-20
28124208,MALARIA_1STLINE_TREATED,COUNTRY,COM,YEAR,2020,4 546,4546,2022-02-10T13:20:18Z,2020,01-01-20,31-12-20
28124209,MALARIA_1STLINE_TREATED,COUNTRY,CPV,YEAR,2018,0,0,2022-02-10T13:20:18Z,2018,01-01-18,31-12-18
28124210,MALARIA_1STLINE_TREATED,COUNTRY,DZA,YEAR,2020,2 726,2726,2022-02-10T13:20:18Z,2020,01-01-20,31-12-20
28124211,MALARIA_1STLINE_TREATED,COUNTRY,ERI,YEAR,2018,23 584,23584,2022-02-10T13:20:18Z,2018,01-01-18,31-12-18
28124212,MALARIA_1STLINE_TREATED,COUNTRY,ERI,YEAR,2019,65 697,65697,2022-02-10T13:20:18Z,2019,01-01-19,31-12-19
28124213,MALARIA_1STLINE_TREATED,COUNTRY,GHA,YEAR,2018,3 862 330,3862330,2022-02-10T13:20:18Z,2018,01-01-18,31-12-18
28124214,MALARIA_1STLINE_TREATED,COUNTRY,GIN,YEAR,2018,1 546 406,1546406,2022-02-10T13:20:18Z,2018,01-01-18,31-12-18
28124215,MALARIA_1STLINE_TREATED,COUNTRY,GMB,YEAR,2019,53 386,53386,2022-02-10T13:20:18Z,2019,01-01-19,31-12-19
28124216,MALARIA_1STLINE_TREATED,COUNTRY,GNB,YEAR,2020,15290029.20%,152900.2919,2022-02-10T13:20:18Z,2020,01-01-20,31-12-20
28124218,MALARIA_1STLINE_TREATED,COUNTRY,KEN,YEAR,2019,5 259 988,5259988,2022-02-10T13:20:18Z,2019,01-01-19,31-12-19
28124219,MALARIA_1STLINE_TREATED,COUNTRY,LBR,YEAR,2019,1 004 895,1004895,2022-02-10T13:20:18Z,2019,01-01-19,31-12-19
28124220,MALARIA_1STLINE_TREATED,COUNTRY,LBR,YEAR,2020,621 695,621695,2022-02-10T13:20:18Z,2020,01-01-20,31-12-20
28124221,MALARIA_1STLINE_TREATED,COUNTRY,MDG,YEAR,2020,1 667 856,1667856,2022-02-10T13:20:18Z,2020,01-01-20,31-12-20
28124222,MALARIA_1STLINE_TREATED,COUNTRY,MLI,YEAR,2020,2 629 557,2629557,2022-02-10T13:20:18Z,2020,01-01-20,31-12-20
28124223,MALARIA_1STLINE_TREATED,COUNTRY,NGA,YEAR,2019,21 252 650,21252650,2022-02-10T13:20:18Z,2019,01-01-19,31-12-19
28124224,MALARIA_1STLINE_TREATED,COUNTRY,RWA,YEAR,2020,1 045 546,1045546,2022-02-10T13:20:18Z,2020,01-01-20,31-12-20
28124225,MALARIA_1STLINE_TREATED,COUNTRY,SLE,YEAR,2018,1 291 222,1291222,2022-02-10T13:20:18Z,2018,01-01-18,31-12-18
28124226,MALARIA_1STLINE_TREATED,COUNTRY,SSD,YEAR,2018,76 328,76328,2022-02-10T13:20:18Z,2018,01-01-18,31-12-18
28124227,MALARIA_1STLINE_TREATED,COUNTRY,STP,YEAR,2018,2 940,2940,2022-02-10T13:20:18Z,2018,01-01-18,31-12-18
28124228,MALARIA_1STLINE_TREATED,COUNTRY,SWZ,YEAR,2020,316,316,2022-02-10T13:20:18Z,2020,01-01-20,31-12-20
28124230,MALARIA_1STLINE_TREATED,COUNTRY,TZA,YEAR,2018,7 600 480,7600480,2022-02-10T13:20:19Z,2018,01-01-18,31-12-18
28124231,MALARIA_1STLINE_TREATED,COUNTRY,TZA,YEAR,2019,6 385 075,6385075,2022-02-10T13:20:19Z,2019,01-01-19,31-12-19
28124232,MALARIA_1STLINE_TREATED,COUNTRY,UGA,YEAR,2020,30 962 280,30962280,2022-02-10T13:20:19Z,2020,01-01-20,31-12-20
28124233,MALARIA_1STLINE_TREATED,COUNTRY,ZAF,YEAR,2019,13 833,13833,2022-02-10T13:20:19Z,2019,01-01-19,31-12-19
28124234,MALARIA_1STLINE_TREATED,COUNTRY,ZMB,YEAR,2018,27 071 994,27071994,2022-02-10T13:20:19Z,2018,01-01-18,31-12-18
28124235,MALARIA_1STLINE_TREATED,COUNTRY,BLZ,YEAR,2020,0,0,2022-02-10T13:20:19Z,2020,01-01-20,31-12-20
28124236,MALARIA_1STLINE_TREATED,COUNTRY,GUY,YEAR,2020,2 841,2841,2022-02-10T13:20:19Z,2020,01-01-20,31-12-20
28124237,MALARIA_1STLINE_TREATED,COUNTRY,HND,YEAR,2018,651,651,2022-02-10T13:20:19Z,2018,01-01-18,31-12-18
28124238,MALARIA_1STLINE_TREATED,COUNTRY,HTI,YEAR,2018,8 296,8296,2022-02-10T13:20:19Z,2018,01-01-18,31-12-18
28124239,MALARIA_1STLINE_TREATED,COUNTRY,MEX,YEAR,2020,369,369,2022-02-10T13:20:19Z,2020,01-01-20,31-12-20
28124240,MALARIA_1STLINE_TREATED,COUNTRY,VEN,YEAR,2019,398 285,398285,2022-02-10T13:20:19Z,2019,01-01-19,31-12-19
28124241,MALARIA_1STLINE_TREATED,COUNTRY,DJI,YEAR,2018,24 883,24883,2022-02-10T13:20:19Z,2018,01-01-18,31-12-18
28124242,MALARIA_1STLINE_TREATED,COUNTRY,IRN,YEAR,2020,1 051,1051,2022-02-10T13:20:19Z,2020,01-01-20,31-12-20
28124243,MALARIA_1STLINE_TREATED,COUNTRY,SOM,YEAR,2019,38 112,38112,2022-02-10T13:20:19Z,2019,01-01-19,31-12-19
28124244,MALARIA_1STLINE_TREATED,COUNTRY,BGD,YEAR,2018,10 459,10459,2022-02-10T13:20:19Z,2018,01-01-18,31-12-18
28124245,MALARIA_1STLINE_TREATED,COUNTRY,BTN,YEAR,2020,54,54,2022-02-10T13:20:19Z,2020,01-01-20,31-12-20
28124246,MALARIA_1STLINE_TREATED,COUNTRY,IND,YEAR,2018,29 453,29453,2022-02-10T13:20:19Z,2018,01-01-18,31-12-18
28124247,MALARIA_1STLINE_TREATED,COUNTRY,MMR,YEAR,2018,53 056,53056,2022-02-10T13:20:19Z,2018,01-01-18,31-12-18
28124248,MALARIA_1STLINE_TREATED,COUNTRY,MMR,YEAR,2019,53 003,53003,2022-02-10T13:20:19Z,2019,01-01-19,31-12-19
28124249,MALARIA_1STLINE_TREATED,COUNTRY,NPL,YEAR,2019,710,710,2022-02-10T13:20:19Z,2019,01-01-19,31-12-19
28124250,MALARIA_1STLINE_TREATED,COUNTRY,NPL,YEAR,2020,430,430,2022-02-10T13:20:19Z,2020,01-01-20,31-12-20
28124251,MALARIA_1STLINE_TREATED,COUNTRY,TLS,YEAR,2018,8,8,2022-02-10T13:20:19Z,2018,01-01-18,31-12-18
28124252,MALARIA_1STLINE_TREATED,COUNTRY,TLS,YEAR,2019,9,9,2022-02-10T13:20:19Z,2019,01-01-19,31-12-19
28124253,MALARIA_1STLINE_TREATED,COUNTRY,KOR,YEAR,2020,386,386,2022-02-10T13:20:19Z,2020,01-01-20,31-12-20
28124254,MALARIA_1STLINE_TREATED,COUNTRY,PHL,YEAR,2018,4 559,4559,2022-02-10T13:20:19Z,2018,01-01-18,31-12-18
28124255,MALARIA_1STLINE_TREATED,COUNTRY,PHL,YEAR,2019,5 435,5435,2022-02-10T13:20:19Z,2019,01-01-19,31-12-19
28124256,MALARIA_1STLINE_TREATED,COUNTRY,PNG,YEAR,2019,788 796,788796,2022-02-10T13:20:19Z,2019,01-01-19,31-12-19
28124257,MALARIA_1STLINE_TREATED,COUNTRY,PNG,YEAR,2020,750 439,750439,2022-02-10T13:20:19Z,2020,01-01-20,31-12-20
28124258,MALARIA_1STLINE_TREATED,COUNTRY,SLB,YEAR,2020,87 477,87477,2022-02-10T13:20:19Z,2020,01-01-20,31-12-20
28127786,MALARIA_1STLINE_TREATED,COUNTRY,KEN,YEAR,2018,642 762 4,6427624.285,2022-02-28T10:57:30Z,2018,01-01-18,31-12-18
28127787,MALARIA_1STLINE_TREATED,COUNTRY,TGO,YEAR,2018,1 572 717,1572717.308,2022-02-28T10:57:30Z,2018,01-01-18,31-12-18
28127788,MALARIA_1STLINE_TREATED,COUNTRY,TGO,YEAR,2020,1 729 668,1729666.753,2022-02-28T10:57:30Z,2020,01-01-20,31-12-20
